{"cameraMode":{"drawMode":0,"name":"Shaded","section":"Shading Mode"},"sceneLighting":true,"audioPlay":false,"sceneViewState":{"m_AlwaysRefresh":false,"showFog":true,"showSkybox":true,"showFlares":true,"showImageEffects":true,"showParticleSystems":true,"showVisualEffectGraphs":true,"m_FxEnabled":true},"in2DMode":false,"pivot":{"x":4.2266950607299809,"y":2.3489513397216799,"z":5.65618896484375},"rotation":{"x":-0.039494019001722339,"y":0.9264794588088989,"z":-0.36020806431770327,"w":-0.10157319158315659},"size":12.414820671081543,"orthographic":false}